{
  "args": {
    "num_envs": 256,
    "num_updates": 12,
    "num_evaluation": 6,
    "rollout_length": 128,
    "task": "smacv2_5_units",
    "num_eval_episodes": 16,
    "systems": [
      "cppo_optimized",
      "cppo_baseline"
    ],
    "out": "/tmp/cppo_bench.json",
    "log_dir": "benchmark_logs",
    "extra": []
  },
  "results": {
    "cppo_optimized": {
      "name": "cppo_optimized",
      "module": "mava.systems.icrl.anakin.ff_ppo_crl",
      "exit_code": 0,
      "n_evals_logged": 6,
      "sps_all_evals": [
        772.4,
        2004.879,
        85364.484,
        84562.778,
        85334.988,
        85436.387
      ],
      "sps_first_eval": 772.4,
      "sps_steady_values": [
        85364.484,
        84562.778,
        85334.988,
        85436.387
      ],
      "sps_steady_mean": 85174.65925,
      "sps_steady_std": 355.189675740562,
      "compile_seconds": 84.847,
      "wall_clock_total_s": 216.08759784698486,
      "wall_clock_per_eval_s": [
        84.847,
        32.688,
        0.768,
        0.775,
        0.768,
        0.767
      ],
      "peak_gpu_memory_mb": 61825,
      "peak_gpu_memory_gb": 60.3759765625
    },
    "cppo_baseline": {
      "name": "cppo_baseline",
      "module": "mava.systems.icrl.anakin.ff_ppo_crl_baseline",
      "exit_code": 0,
      "n_evals_logged": 6,
      "sps_all_evals": [
        740.807,
        1957.78,
        82048.673,
        82370.318,
        82127.953,
        82336.467
      ],
      "sps_first_eval": 740.807,
      "sps_steady_values": [
        82048.673,
        82370.318,
        82127.953,
        82336.467
      ],
      "sps_steady_mean": 82220.85274999999,
      "sps_steady_std": 135.99884707301152,
      "compile_seconds": null,
      "wall_clock_total_s": 219.52526307106018,
      "wall_clock_per_eval_s": [],
      "peak_gpu_memory_mb": 61827,
      "peak_gpu_memory_gb": 60.3779296875
    }
  }
}