{
  "args": {
    "num_envs": 256,
    "num_updates": 12,
    "num_evaluation": 6,
    "rollout_length": 128,
    "task": "smacv2_5_units",
    "num_eval_episodes": 16,
    "systems": [
      "cppo_optimized",
      "cppo_decoupled",
      "cppo_baseline"
    ],
    "out": "/tmp/cppo_bench_v2.json",
    "log_dir": "benchmark_logs",
    "extra": [],
    "per_system": [
      "cppo_decoupled:+system.actor_batch_size=512"
    ]
  },
  "results": {
    "cppo_optimized": {
      "name": "cppo_optimized",
      "module": "mava.systems.icrl.anakin.ff_ppo_crl",
      "exit_code": 0,
      "n_evals_logged": 6,
      "sps_all_evals": [
        575.718,
        1094.395,
        83841.227,
        84289.16,
        84235.614,
        84286.317
      ],
      "sps_first_eval": 575.718,
      "sps_steady_values": [
        83841.227,
        84289.16,
        84235.614,
        84286.317
      ],
      "sps_steady_mean": 84163.07949999999,
      "sps_steady_std": 187.03880568815165,
      "compile_seconds": 113.834,
      "wall_clock_total_s": 278.67411184310913,
      "wall_clock_per_eval_s": [
        113.834,
        59.883,
        0.782,
        0.778,
        0.778,
        0.778
      ],
      "peak_gpu_memory_mb": 61831,
      "peak_gpu_memory_gb": 60.3818359375
    },
    "cppo_decoupled": {
      "name": "cppo_decoupled",
      "module": "mava.systems.icrl.anakin.ff_ppo_crl",
      "exit_code": 0,
      "n_evals_logged": 6,
      "sps_all_evals": [
        562.336,
        1149.034,
        90817.812,
        91131.882,
        91028.277,
        90842.933
      ],
      "sps_first_eval": 562.336,
      "sps_steady_values": [
        90817.812,
        91131.882,
        91028.277,
        90842.933
      ],
      "sps_steady_mean": 90955.22600000001,
      "sps_steady_std": 130.41866831669174,
      "compile_seconds": 116.542,
      "wall_clock_total_s": 275.92854142189026,
      "wall_clock_per_eval_s": [
        116.542,
        57.036,
        0.722,
        0.719,
        0.72,
        0.721
      ],
      "peak_gpu_memory_mb": 61829,
      "peak_gpu_memory_gb": 60.3798828125
    },
    "cppo_baseline": {
      "name": "cppo_baseline",
      "module": "mava.systems.icrl.anakin.ff_ppo_crl_baseline",
      "exit_code": 0,
      "n_evals_logged": 6,
      "sps_all_evals": [
        738.894,
        1985.833,
        81754.665,
        82544.703,
        82420.283,
        82612.405
      ],
      "sps_first_eval": 738.894,
      "sps_steady_values": [
        81754.665,
        82544.703,
        82420.283,
        82612.405
      ],
      "sps_steady_mean": 82333.014,
      "sps_steady_std": 340.9453797032611,
      "compile_seconds": null,
      "wall_clock_total_s": 221.33552479743958,
      "wall_clock_per_eval_s": [],
      "peak_gpu_memory_mb": 61827,
      "peak_gpu_memory_gb": 60.3779296875
    }
  }
}